1294510,1897548,ANDRE SANDRINI BORSOI ME,08836125000249,57160185,033018,COMODA PREMIUM,BCO/NEVE,10722162412
1294510,1897548,ANDRE SANDRINI BORSOI ME,08836125000249,57160185,090885,COZINHA AGATA,NOGA/BCO,10722162320
1294510,1897548,ANDRE SANDRINI BORSOI ME,08836125000249,57160185,209066,ROUPEIRO ARAXA 8GAV.,BR/CRIST,10722162900
1294510,1897548,ANDRE SANDRINI BORSOI ME,08836125000249,57160185,2939074,PRANCHA DE CABELOS PAC251 BIV,UNICA,10722163082
1294510,1897548,ANDRE SANDRINI BORSOI ME,08836125000249,57160185,425037,HOME SUSPENSO INTERATIVO,CASTANHO,10722162450
1294510,1897548,ANDRE SANDRINI BORSOI ME,08836125000249,57160185,710409,TRELICHE BIA,BRANCO,10722162269
1294511,1721248,MAR COMERCIO DE MOVEIS LTDA ME,20132034000147,57162299,033021,ROUPEIRO SIENA 6 PORTAS,BCO/NEVE,10722162474
1294511,1721248,MAR COMERCIO DE MOVEIS LTDA ME,20132034000147,57162299,2912242,ROUPEIRO 6 PTS AMANDA,RUSTICO,10722162740
1294512,1726638,ARS COMERCIO DE MOVEIS LTDA ME,24742599000105,57162444,078367,LIQUIDIFICADOR PH900 VM 127V,UNICA,10722162092
1294512,1726638,ARS COMERCIO DE MOVEIS LTDA ME,24742599000105,57162444,084297,LAVADORA LAVAMAX ECO 10KG 127V,UNICA,10722162016
1294513,1725568,ANTONIO JOSE RIBEIRO SANTOS ME,09070233000135,57162346,129028,COMODA BELIZE PLUS,TEKA,10722162306
1294514,1354863,ERASMO C.TEIXEIRA DA COSTA ME,13822950000224,57162345,001321,ARMARIO ACO IP3 120 PREMIUM,BRANCO..,10722162122
1294514,1354863,ERASMO C.TEIXEIRA DA COSTA ME,13822950000224,57162345,001323,ARMARIO ACO IPG2-80-D PREMIUM PC,BRANCO..,10722162153
1294516,1761386,MOANIR GASPAR EIRELI ME,17009068000134,57163645,4226001,"MESA 40 C/4CAD. ANE B TAMPO PTO 0,70",ECL/PTO/,10722163051
1294516,1761386,MOANIR GASPAR EIRELI ME,17009068000134,57163645,4545006,ARMARIO MONALISA 2PTS 700,BRANCO,10722162146
1294516,1761386,MOANIR GASPAR EIRELI ME,17009068000134,57163645,4545009,ARMARIO REFRIGERADOR MONALISA 800,BRANCO,10722162214
1294517,1721248,MAR COMERCIO DE MOVEIS LTDA ME,20132034000147,57162297,033021,ROUPEIRO SIENA 6 PORTAS,CARVSOFT,10722162511
1294519,1721248,MAR COMERCIO DE MOVEIS LTDA ME,20132034000147,57162280,209066,ROUPEIRO ARAXA 8GAV.,BR/CRIST,10722162764
1294521,1523220,M. R. DA SILVA GEOVANNY MOVEIS ME,22990045000193,57163864,033019,COZINHA BRENDA,BR/IP/RU,10722162191
1294522,1523220,M. R. DA SILVA GEOVANNY MOVEIS ME,22990045000193,57163861,2912240,MULTIUSO B14,BRANCO..,10722162436
1294523,1523220,M. R. DA SILVA GEOVANNY MOVEIS ME,22990045000193,57163859,129032,COMODA VERONA,TEKA,10722162290
1294525,1545034,BIO2 COMERCIO LTDA,10296578000190,57163852,710409,TRELICHE BIA,MARR/PRT,10722162238
1294526,1842805,SEALY STORE COMERCIO DE COLCHOES EIRELI ME,12837201000550,57163841,33541009,COLCHOBOX MOLA CLASS 138X64,UNICA,10722162986
1294528,1761386,MOANIR GASPAR EIRELI ME,17009068000134,57160728,033018,COMODA PREMIUM,CARVSOFT,10722162610
1294528,1761386,MOANIR GASPAR EIRELI ME,17009068000134,57160728,033021,ROUPEIRO SIENA 6 PORTAS,CARVSOFT,10722162559
1294528,1761386,MOANIR GASPAR EIRELI ME,17009068000134,57160728,2939056,SANDUICHEIRA MINIGRILL SAN252 110V,UNICA,10722162047
1294528,1761386,MOANIR GASPAR EIRELI ME,17009068000134,57160728,33541008,COLCHOBOX ACOPLADO SUED 138X64,UNICA,10722162979
1294528,1761386,MOANIR GASPAR EIRELI ME,17009068000134,57160728,4226001,"MESA 40 C/4CAD. ANE B TAMPO PTO 0,70",ECL/PTO/,10722163020
1294529,1721248,MAR COMERCIO DE MOVEIS LTDA ME,20132034000147,57162259,033021,ROUPEIRO SIENA 6 PORTAS,CARVSOFT,10722162498
1294530,1761386,MOANIR GASPAR EIRELI ME,17009068000134,57160726,033021,ROUPEIRO SIENA 6 PORTAS,CARVSOFT,10722162535
1294530,1761386,MOANIR GASPAR EIRELI ME,17009068000134,57160726,043155,CABECEIRA CASAL ISABELA,CAFE,10722162580
1294530,1761386,MOANIR GASPAR EIRELI ME,17009068000134,57160726,2939056,SANDUICHEIRA MINIGRILL SAN252 110V,UNICA,10722162054
1294531,1842805,SEALY STORE COMERCIO DE COLCHOES EIRELI ME,12837201000550,57160299,110611,MODULO 1 PORTA CRIATIVE PLUS,BCO/CAFE,10722162658
1294531,1842805,SEALY STORE COMERCIO DE COLCHOES EIRELI ME,12837201000550,57160299,110614,MODULO AEREO SOLTEIRO CRIATIVE PLUS,BCO/CAFE,10722162726
1296305,1826248,PRAIA COMERCIO DE MOVEIS LTDA ME,19021494000119,57162262,033021,ROUPEIRO SIENA 6 PORTAS,BCO/NEVE,10722199074
1296305,1826248,PRAIA COMERCIO DE MOVEIS LTDA ME,19021494000119,57162262,421025,CAMA SOLTEIRO RIVEIRA,BRANCO..,10722198664
1296306,1761386,MOANIR GASPAR EIRELI ME,17009068000134,57167385,2912242,ROUPEIRO 6 PTS AMANDA,RUSTICO,10722200015
1296307,1358591,ANDRE SANDRINI BORSOI ME,08836125000168,57168329,2912242,ROUPEIRO 6 PTS AMANDA,BRANCO..,10722199944
1296307,1358591,ANDRE SANDRINI BORSOI ME,08836125000168,57168329,413218,"MESA CAMILA C/6CAD 1,40CM VIDRO CROMADA",JUNCO/CZ,10722198268
1296307,1358591,ANDRE SANDRINI BORSOI ME,08836125000168,57168329,425037,HOME SUSPENSO INTERATIVO,MEL,10722199142
1296308,1842805,SEALY STORE COMERCIO DE COLCHOES EIRELI ME,12837201000550,57168245,164556,COLCHAO UNIQUE D33 138X18,UNICA,10722197803
1296309,1414956,WELINGTON LOPES ME,39627880000166,57167021,043154,ROUPEIRO SOFIA 3PTS DE CORRER C/ ESPELHO,BRANCO,10722200039
1296310,1647643,RV MOVEIS E ELETRODOMESTICOS LTDA ME,24203988000154,57166912,129029,GUARDA ROUPA DUSTER CASAL,TEKA,10722200060
1296311,1647643,RV MOVEIS E ELETRODOMESTICOS LTDA ME,24203988000154,57166909,1221006,BANCADA COM PAINEL FUSION,NATU/WEN,10722199333
1296312,1813128,SOARES E SILVA COMERCIO DE MOVEIS E ELETRODOMESTICOS LTDAME,26667478000163,57166907,033022,ROUPEIRO RAISSA 6 PORTAS,CARVSOFT,10722199982
1296313,1897548,ANDRE SANDRINI BORSOI ME,08836125000249,57168333,4545015,KIT DIVA SMART,BCO/AVEL,10722198060
1296314,1523220,M. R. DA SILVA GEOVANNY MOVEIS ME,22990045000193,57168357,1221006,BANCADA COM PAINEL FUSION,CAST/WEN,10722199227
1296315,1523220,M. R. DA SILVA GEOVANNY MOVEIS ME,22990045000193,57168356,164529,COLCHAO BERCO D18 TOP LINE 130X60,UNICA,10722197650
1296316,1523220,M. R. DA SILVA GEOVANNY MOVEIS ME,22990045000193,57168352,1028025,COMODA ULI 4 GAV. 1 PORTA,BRANCO..,10722199036
1296317,1523220,M. R. DA SILVA GEOVANNY MOVEIS ME,22990045000193,57168349,1028026,BERCO ULI,BRANCO..,10722199395
1296318,1358591,ANDRE SANDRINI BORSOI ME,08836125000168,57168334,2939062,BATEDEIRA JOLIE VERMELHA BAT411 110V,UNICA,10722197889
1296319,1897548,ANDRE SANDRINI BORSOI ME,08836125000249,57168332,017441,SANDUICHEIRA GRILL CROME INOX VM 127V,UNICA,10722197902
1296319,1897548,ANDRE SANDRINI BORSOI ME,08836125000249,57168332,075286,MICROONDAS 31L MI41S 127V,UNICA,10722197810
1296319,1897548,ANDRE SANDRINI BORSOI ME,08836125000249,57168332,090542,KIT 8PTS GOLDEN PC,BR/LH/BP,10722198251
1296319,1897548,ANDRE SANDRINI BORSOI ME,08836125000249,57168332,114028,ESTANTE LETICIA                       PC,MEL,10722199265
1296319,1897548,ANDRE SANDRINI BORSOI ME,08836125000249,57168332,2939070,SECADOR DIVINE 2200 SEC156 110V,UNICA,10722200411
1296319,1897548,ANDRE SANDRINI BORSOI ME,08836125000249,57168332,4226011,"MESA 010 KARLA 4 CAD. TAMPO GRANITO 1,20",ECL/PTO/,10722200268
1296319,1897548,ANDRE SANDRINI BORSOI ME,08836125000249,57168332,4226014,"MESA 010 KARLA MARTELADA 6 CAD. TAMPO GRANITO 1,40",RISC/BCO,10722200299
1296320,1855012,MOVEIS CAPIXABA LTDA ME,15442929000148,57166896,129028,COMODA BELIZE PLUS,CEDRO,10722198466
1296321,1826248,PRAIA COMERCIO DE MOVEIS LTDA ME,19021494000119,57162366,033021,ROUPEIRO SIENA 6 PORTAS,BCO/NEVE,10722199098
1296321,1826248,PRAIA COMERCIO DE MOVEIS LTDA ME,19021494000119,57162366,033021,ROUPEIRO SIENA 6 PORTAS,CARVSOFT,10722199111
1296321,1826248,PRAIA COMERCIO DE MOVEIS LTDA ME,19021494000119,57162366,164123,COLCHAO PROMOLAS P.UNO 158X24 BLACK/WHITEPC,UNICA,10722197858
1296321,1826248,PRAIA COMERCIO DE MOVEIS LTDA ME,19021494000119,57162366,33541003,BASE BOX CASAL 158X25,UNICA,10722197834
1296321,1826248,PRAIA COMERCIO DE MOVEIS LTDA ME,19021494000119,57162366,33541005,COLCHOBOX C/ AUXILIAR REAL 88X57,UNICA,10722197636
1296322,1813982,JAIRO MANOEL LEVINO 00819455580,24595321000144,57166850,164529,COLCHAO BERCO D18 TOP LINE 130X60,UNICA,10722197667
1296322,1813982,JAIRO MANOEL LEVINO 00819455580,24595321000144,57166850,209068,CAMA PLUS CASAL,CASTANHO,10722198565
1296323,1752490,MASTER CANAL ELETRODOMESTICOS E MOVEIS LTDA ME,26062492000133,57162309,017459,"FRITADEIRA AIR FRY PRO 3,2L 127V",UNICA,10722197872
1296323,1752490,MASTER CANAL ELETRODOMESTICOS E MOVEIS LTDA ME,26062492000133,57162309,075233,REFRIGERADOR 2PTS DC44 362L 110V,UNICA,10722197513
1296323,1752490,MASTER CANAL ELETRODOMESTICOS E MOVEIS LTDA ME,26062492000133,57162309,421025,CAMA SOLTEIRO RIVEIRA,BRANCO..,10722198701
1296324,1592990,CASA NOSSA COMERCIO DE MOVEIS EIRELIME,23784928000100,57162303,4226012,"MESA 010 KARLA 6 CAD. TAMPO GRANITO 1,40",ECL/PTO/,10722200329
1296325,1826248,PRAIA COMERCIO DE MOVEIS LTDA ME,19021494000119,57166853,033019,COZINHA BRENDA,BC/PT/LI,10722198213
1296325,1826248,PRAIA COMERCIO DE MOVEIS LTDA ME,19021494000119,57166853,292865,FRUTEIRA BELIZE NEW,BRANCO..,10722198848
1296326,1721248,MAR COMERCIO DE MOVEIS LTDA ME,20132034000147,57166889,209128,ROUPEIRO POTENZA 3 PTS CORRER C/ ESPELHO,CASTANHO,10722200107
1296327,1461931,ROSIMARIO DOS SANTOS SANTANA MOVEIS E ELETRODOMESTICOS ME,22340383000180,57166893,2912242,ROUPEIRO 6 PTS AMANDA,CAFE,10722199869
1296328,1285800,JAIR FREIRE MUNIZ JUNIOR COMERCIO DE MOVEIS E ELETRODOMESTIC,12832712000156,57166892,325060,RADIO PORTATIL BD108 PT,UNICA,10722197926
1296329,1354863,ERASMO C.TEIXEIRA DA COSTA ME,13822950000224,57166891,001964,BALCAO IG3G2120 CACAU,CARVALHO,10722198152
1296330,1826248,PRAIA COMERCIO DE MOVEIS LTDA ME,19021494000119,57166870,1221007,HOME THEATER GRAN ACACIA,NATU/WEN,10722198480
1296331,1855012,MOVEIS CAPIXABA LTDA ME,15442929000148,57166863,33541005,COLCHOBOX C/ AUXILIAR REAL 88X57,UNICA,10722197629
1296332,1523220,M. R. DA SILVA GEOVANNY MOVEIS ME,22990045000193,57168358,114059,HOME SENA,MEL,10722199050
1297437,1556693,ENEGUIMAR PINTO DE SOUZA ME,00776209000141,57169309,016030,FERRO SECO ECOLOGICO VFA ECO BR 127V,UNICA,10722241933
1297438,1286814,HIPER MOVEIS COMERCIO DE MOVEIS E ELETRODOMESTICOS LTDA ME,15402086000156,57171059,209066,ROUPEIRO ARAXA 8GAV.,BR/CRIST,10722244279
1297439,1762600,ADL MOVEIS E ELETRO LTDA ME,22605134000179,57172536,084244,LAVADORA TURBILHAO 7.0 BRANCA 127V,UNICA,10722241209
1297439,1762600,ADL MOVEIS E ELETRO LTDA ME,22605134000179,57172536,084297,LAVADORA LAVAMAX ECO 10KG 127V,UNICA,10722241230
1297440,1625304,SUPER ELETRO MOVEIS VAREJO LTDA EPP,07715467000167,57171071,075262,LAVADORA TURBO 13KG LAC13 127V,UNICA,10722241438
1297440,1625304,SUPER ELETRO MOVEIS VAREJO LTDA EPP,07715467000167,57171071,098236,TV LED 43 SMART 43L2500 FHD,UNICA,10722241636
1297440,1625304,SUPER ELETRO MOVEIS VAREJO LTDA EPP,07715467000167,57171071,33283001,POLTRONA MIX 1 LUGAR,123,10722241612
1297441,1414956,WELINGTON LOPES ME,39627880000166,57172797,084297,LAVADORA LAVAMAX ECO 10KG 127V,UNICA,10722241223
1297441,1414956,WELINGTON LOPES ME,39627880000166,57172797,292871,MULTIUSO URUGUAI,CASTANHO,10722243197
1297442,1826248,PRAIA COMERCIO DE MOVEIS LTDA ME,19021494000119,57171046,33541008,COLCHOBOX ACOPLADO SUED 138X64,UNICA,10722244422
1297443,1901613,LAYMAR COMERCIO DE COLCHOES E ESTOFADOS LTDA ME,00669787000189,57171042,292879,PAINEL RETRATO BP,TERRARUN,10722243050
1297444,1721248,MAR COMERCIO DE MOVEIS LTDA ME,20132034000147,57171040,209085,ROUPEIRO BONFIM STATUS 2 PTS C/ ESPELHO,NOCE/BP,10722243500
1297445,1897548,ANDRE SANDRINI BORSOI ME,08836125000249,57172817,084273,DEPURADOR VENUS 80CM DV81SM BR 127V,UNICA,10722241667
1297445,1897548,ANDRE SANDRINI BORSOI ME,08836125000249,57172817,084278,LAVADORA LAVAMATIC 12KG LC1231PT 127V,UNICA,10722241193
1297445,1897548,ANDRE SANDRINI BORSOI ME,08836125000249,57172817,2912238,ROUPEIRO AMARO 6 PTS C/ PES,CAFE,10722243968
1297445,1897548,ANDRE SANDRINI BORSOI ME,08836125000249,57172817,2939099,CHURRASQUEIA GRILL GRL802 127V,UNICA,10722241827
1297445,1897548,ANDRE SANDRINI BORSOI ME,08836125000249,57172817,2939101,ASPIRADOR DE PO ASP503 127V,UNICA,10722241902
1297445,1897548,ANDRE SANDRINI BORSOI ME,08836125000249,57172817,428096,ROUPEIRO 6 PTS SEVILHA,IMRU/IMR,10722243340
1297446,1523220,M. R. DA SILVA GEOVANNY MOVEIS ME,22990045000193,57172806,1221006,BANCADA COM PAINEL FUSION,NATU/WEN,10722243418
1297447,1358591,ANDRE SANDRINI BORSOI ME,08836125000168,57172809,090542,KIT 8PTS GOLDEN PC,BR/LH/BP,10722242404
1297447,1358591,ANDRE SANDRINI BORSOI ME,08836125000168,57172809,421040,CABECEIRA CASAL C/ CRIADO LONDON,NG/VATOU,10722242657
1297447,1358591,ANDRE SANDRINI BORSOI ME,08836125000168,57172809,425036,HOME SUSPENSO EVIDENCE,BRANCO..,10722242459
1297448,1556693,ENEGUIMAR PINTO DE SOUZA ME,00776209000141,57169313,4545009,ARMARIO REFRIGERADOR MONALISA 800,BEGE,10722242336
1297449,1747369,JOILSON ROCHA NUNES ME,06134533000142,57170997,033021,ROUPEIRO SIENA 6 PORTAS,NOG/SOFT,10722243319
1297449,1747369,JOILSON ROCHA NUNES ME,06134533000142,57170997,033022,ROUPEIRO RAISSA 6 PORTAS,CARVSOFT,10722244033
1297449,1747369,JOILSON ROCHA NUNES ME,06134533000142,57170997,2912238,ROUPEIRO AMARO 6 PTS C/ PES,RUSTICO,10722243593
1297449,1747369,JOILSON ROCHA NUNES ME,06134533000142,57170997,2912242,ROUPEIRO 6 PTS AMANDA,CAFE,10722243869
1297450,1826248,PRAIA COMERCIO DE MOVEIS LTDA ME,19021494000119,57170998,421040,CABECEIRA CASAL C/ CRIADO LONDON,EBA/TOUC,10722242824
1297451,1721248,MAR COMERCIO DE MOVEIS LTDA ME,20132034000147,57171006,2912242,ROUPEIRO 6 PTS AMANDA,CAFE,10722243845
1297452,1855012,MOVEIS CAPIXABA LTDA ME,15442929000148,57170994,164544,COLCHAO TOP LINE D23 138X12,UNICA,10722241674
1297453,1813128,SOARES E SILVA COMERCIO DE MOVEIS E ELETRODOMESTICOS LTDAME,26667478000163,57170999,292099,FRUTEIRA REGIA                        PC,BCO/PRET,10722243081
1297454,1725568,ANTONIO JOSE RIBEIRO SANTOS ME,09070233000135,57171027,2939056,SANDUICHEIRA MINIGRILL SAN252 110V,UNICA,10722241858
1297454,1725568,ANTONIO JOSE RIBEIRO SANTOS ME,09070233000135,57171027,4745003,LAVADORA AMANDY 10KG PTA 110V,UNICA,10722241247
1297455,1721248,MAR COMERCIO DE MOVEIS LTDA ME,20132034000147,57171037,2912242,ROUPEIRO 6 PTS AMANDA,RUSTICO,10722244095
1297456,1358591,ANDRE SANDRINI BORSOI ME,08836125000168,57171007,001961,FOGAO STAR 4 BOCAS AUTOMATICO BRANCO,UNICA,10722241391
1297457,1855012,MOVEIS CAPIXABA LTDA ME,15442929000148,57171026,4545006,ARMARIO MONALISA 2PTS 700,BRANCO,10722242077
1297458,1813128,SOARES E SILVA COMERCIO DE MOVEIS E ELETRODOMESTICOS LTDAME,26667478000163,57171023,043155,CABECEIRA CASAL ISABELA,MEL,10722243463
1297459,1461931,ROSIMARIO DOS SANTOS SANTANA MOVEIS E ELETRODOMESTICOS ME,22340383000180,57171019,4745003,LAVADORA AMANDY 10KG PTA 110V,UNICA,10722241254
1297460,1461931,ROSIMARIO DOS SANTOS SANTANA MOVEIS E ELETRODOMESTICOS ME,22340383000180,57171017,209094,COLCHAO GOLD STAR D45 138X26,UNICA,10722241704
1300567,1773591,DASLOG TRANSPORTE E LOGISTICA LTDA,25255622000191,57194495,164123,COLCHAO PROMOLAS P.UNO 158X24 BLACK/WHITEPC,UNICA,
1301131,1461931,ROSIMARIO DOS SANTOS SANTANA MOVEIS E ELETRODOMESTICOS ME,22340383000180,57185267,033021,ROUPEIRO SIENA 6 PORTAS,BCO/NEVE,10722355364
1301132,1461931,ROSIMARIO DOS SANTOS SANTANA MOVEIS E ELETRODOMESTICOS ME,22340383000180,57185430,209128,ROUPEIRO POTENZA 3 PTS CORRER C/ ESPELHO,CASTANHO,10722356163
1301133,1510194,CN MOVEIS LTDA ME,05654618000199,57185432,033020,COZINHA LORENA,BC/PT/LI,10722354350
1301134,1437292,COLCHOMIX LTDA ME,19156265000101,57185425,425037,HOME SUSPENSO INTERATIVO,BRANCO..,10722354640
1301135,1461931,ROSIMARIO DOS SANTOS SANTANA MOVEIS E ELETRODOMESTICOS ME,22340383000180,57185436,2912242,ROUPEIRO 6 PTS AMANDA,CAFE,10722355913
1301136,1461931,ROSIMARIO DOS SANTOS SANTANA MOVEIS E ELETRODOMESTICOS ME,22340383000180,57185422,421040,CABECEIRA CASAL C/ CRIADO LONDON,BRANCO..,10722354633
1301137,1647643,RV MOVEIS E ELETRODOMESTICOS LTDA ME,24203988000154,57185417,2912242,ROUPEIRO 6 PTS AMANDA,CAFE,10722355937
1301137,1647643,RV MOVEIS E ELETRODOMESTICOS LTDA ME,24203988000154,57185417,383052,FOGAO MONACO GLASS 5 BOCAS AUT. TOTAL,UNICA,10722352943
1301138,1813128,SOARES E SILVA COMERCIO DE MOVEIS E ELETRODOMESTICOS LTDAME,26667478000163,57185410,425039,BANCADA COM PAINEL GRECO,MEL,10722355425
1301140,1826248,PRAIA COMERCIO DE MOVEIS LTDA ME,19021494000119,57185388,4226001,"MESA 40 C/4CAD. ANE B TAMPO PTO 0,70",ECL/PTO/,10722356392
1301141,1386381,MARIA DE FATIMA BORGES ME,17062604000165,57185465,2912239,ROUPEIRO CAPELINHA B24,RUSTICO,10722355111
1301141,1386381,MARIA DE FATIMA BORGES ME,17062604000165,57185465,4226001,"MESA 40 C/4CAD. ANE B TAMPO PTO 0,70",ECL/PTO/,10722356330
1301141,1386381,MARIA DE FATIMA BORGES ME,17062604000165,57185465,425036,HOME SUSPENSO EVIDENCE,MEL,10722355289
1301142,1285800,JAIR FREIRE MUNIZ JUNIOR COMERCIO DE MOVEIS E ELETRODOMESTIC,12832712000156,57185487,033019,COZINHA BRENDA,BC/PT/LI,10722354404
1301142,1285800,JAIR FREIRE MUNIZ JUNIOR COMERCIO DE MOVEIS E ELETRODOMESTIC,12832712000156,57185487,084297,LAVADORA LAVAMAX ECO 10KG 127V,UNICA,10722352998
1301143,1285800,JAIR FREIRE MUNIZ JUNIOR COMERCIO DE MOVEIS E ELETRODOMESTIC,12832712000156,57185468,3650014,ANTENA INTERNA TV VHF/UHF/HDTV TV-500,UNICA,10722356903
1301143,1285800,JAIR FREIRE MUNIZ JUNIOR COMERCIO DE MOVEIS E ELETRODOMESTIC,12832712000156,57185468,4798006,SUPORTE FIXO DE TV LINEA UNI100,UNICA,10722356514
1301144,1659937,IMPERIO TIESCO COMERCIO DE MOVEIS LTDA ME,23161087000184,57185454,421040,CABECEIRA CASAL C/ CRIADO LONDON,NG/VATOU,10722354695
1301144,1659937,IMPERIO TIESCO COMERCIO DE MOVEIS LTDA ME,23161087000184,57185454,421041,CABECEIRA SOLTEIRO C/ CRIADO LONDON,BCO/ROSA,10722354879
1301144,1659937,IMPERIO TIESCO COMERCIO DE MOVEIS LTDA ME,23161087000184,57185454,638130,PAINEL FLASH C/ NICHO,CINZ/PTO,10722354831
1301145,1285800,JAIR FREIRE MUNIZ JUNIOR COMERCIO DE MOVEIS E ELETRODOMESTIC,12832712000156,57185463,425037,HOME SUSPENSO INTERATIVO,MEL,10722355487
1301146,1285800,JAIR FREIRE MUNIZ JUNIOR COMERCIO DE MOVEIS E ELETRODOMESTIC,12832712000156,57185461,33541008,COLCHOBOX ACOPLADO SUED 138X64,UNICA,10722356286
1301147,1414956,WELINGTON LOPES ME,39627880000166,57185458,033014,GUARDA ROUPA MEGA 6PTS C/PE,CLIL/TXT,10722355807
1301148,1826248,PRAIA COMERCIO DE MOVEIS LTDA ME,19021494000119,57185304,4226016,MESA 061 4 CADEIRAS ANE B,ECL/PTO/,10722356422
1301149,1358591,ANDRE SANDRINI BORSOI ME,08836125000168,57185310,033019,COZINHA BRENDA,BR/IP/RU,10722354275
1301149,1358591,ANDRE SANDRINI BORSOI ME,08836125000168,57185310,043155,CABECEIRA CASAL ISABELA,MEL,10722355609
1301149,1358591,ANDRE SANDRINI BORSOI ME,08836125000168,57185310,114059,HOME SENA,CAFE,10722355173
1301149,1358591,ANDRE SANDRINI BORSOI ME,08836125000168,57185310,209066,ROUPEIRO ARAXA 8GAV.,NOCE/BP,10722356064
1301149,1358591,ANDRE SANDRINI BORSOI ME,08836125000168,57185310,209126,CAMA BIBOX COLORADO C/ BAU,BR/BR/LS,10722354473
1301149,1358591,ANDRE SANDRINI BORSOI ME,08836125000168,57185310,4226001,"MESA 40 C/4CAD. ANE B TAMPO PTO 0,70",ECL/PTO/,10722356361
1301150,1901613,LAYMAR COMERCIO DE COLCHOES E ESTOFADOS LTDA ME,00669787000189,57185305,2912240,MULTIUSO B14,BRANCO..,10722355197
1301150,1901613,LAYMAR COMERCIO DE COLCHOES E ESTOFADOS LTDA ME,00669787000189,57185305,2912240,MULTIUSO B14,RUSTICO,10722355234
1301150,1901613,LAYMAR COMERCIO DE COLCHOES E ESTOFADOS LTDA ME,00669787000189,57185305,638130,PAINEL FLASH C/ NICHO,PINHO,10722354817
1301151,1725568,ANTONIO JOSE RIBEIRO SANTOS ME,09070233000135,57185300,4745001,LAVADORA AMANDY 10KG BRA 110V,UNICA,10722353001
1301152,1285800,JAIR FREIRE MUNIZ JUNIOR COMERCIO DE MOVEIS E ELETRODOMESTIC,12832712000156,57185292,292100,TABUA DE PASSAR FLORENCE              PC,BRANCO..,10722355227
1301153,1901613,LAYMAR COMERCIO DE COLCHOES E ESTOFADOS LTDA ME,00669787000189,57185275,084244,LAVADORA TURBILHAO 7.0 BRANCA 127V,UNICA,10722352967
1301153,1901613,LAYMAR COMERCIO DE COLCHOES E ESTOFADOS LTDA ME,00669787000189,57185275,090541,KIT 6PTS GOLDEN                       PC,BR/LH/BP,10722354121
1301154,1461931,ROSIMARIO DOS SANTOS SANTANA MOVEIS E ELETRODOMESTICOS ME,22340383000180,57185269,033022,ROUPEIRO RAISSA 6 PORTAS,BCO/NEVE,10722356132
1301155,1897548,ANDRE SANDRINI BORSOI ME,08836125000249,57185268,4545015,KIT DIVA SMART,BCO/PERO,10722354169
1301156,1414956,WELINGTON LOPES ME,39627880000166,57185380,033021,ROUPEIRO SIENA 6 PORTAS,CARVSOFT,10722355388
1301156,1414956,WELINGTON LOPES ME,39627880000166,57185380,156355,ARMARIO TRIPLO MEDIO TURQUESA,BRANCO..,10722354343
1301156,1414956,WELINGTON LOPES ME,39627880000166,57185380,2939056,SANDUICHEIRA MINIGRILL SAN252 110V,UNICA,10722353636
1301156,1414956,WELINGTON LOPES ME,39627880000166,57185380,33541006,COLCHOBOX ACOPLADO BLACK 88X54,UNICA,10722353322
1301157,1285800,JAIR FREIRE MUNIZ JUNIOR COMERCIO DE MOVEIS E ELETRODOMESTIC,12832712000156,57185330,710409,TRELICHE BIA,MARR/PRT,10722354718
1301158,1461931,ROSIMARIO DOS SANTOS SANTANA MOVEIS E ELETRODOMESTICOS ME,22340383000180,57185345,033022,ROUPEIRO RAISSA 6 PORTAS,CARVSOFT,10722356033
1301837,1761386,MOANIR GASPAR EIRELI ME,17009068000134,57186437,2912242,ROUPEIRO 6 PTS AMANDA,CAFE,10722405335
1301838,1414956,WELINGTON LOPES ME,39627880000166,57193261,001918,COZINHA LUCE 2V,BR/PRETO,10722402587
1301838,1414956,WELINGTON LOPES ME,39627880000166,57193261,033021,ROUPEIRO SIENA 6 PORTAS,CARVSOFT,10722404543
1301838,1414956,WELINGTON LOPES ME,39627880000166,57193261,292871,MULTIUSO URUGUAI,BRANCO..,10722404345
1301839,1897548,ANDRE SANDRINI BORSOI ME,08836125000249,57193614,010125,LAVADORA LCB 10KG BR 127V,UNICA,10722401603
1301839,1897548,ANDRE SANDRINI BORSOI ME,08836125000249,57193614,017489,PANELA ELETRICA ARROZ PA10 PRETA 110V,UNICA,10722402426
1301839,1897548,ANDRE SANDRINI BORSOI ME,08836125000249,57193614,078431,LIQUIDIFICADOR PH800 800W VM 127V,UNICA,10722402464
1301839,1897548,ANDRE SANDRINI BORSOI ME,08836125000249,57193614,1042039,PRANCHA ELEGANZA INFINITY APP1528BIV,UNICA,10722405991
1301839,1897548,ANDRE SANDRINI BORSOI ME,08836125000249,57193614,1042065,PRANCHA ELEGANZA PLUS APP2205 BIV,UNICA,10722406004
1301839,1897548,ANDRE SANDRINI BORSOI ME,08836125000249,57193614,1042066,SECADOR ELEGANZA 2200 II 110V,UNICA,10722405984
1301839,1897548,ANDRE SANDRINI BORSOI ME,08836125000249,57193614,2912238,ROUPEIRO AMARO 6 PTS C/ PES,RUSTICO,10722405199
1301839,1897548,ANDRE SANDRINI BORSOI ME,08836125000249,57193614,325063,CAIXA ACUSTICA BLUETOOTH CA305 100W,UNICA,10722402440
1301839,1897548,ANDRE SANDRINI BORSOI ME,08836125000249,57193614,710399,MESA ANDREIA C/ 4 CADEIRA LARISSA,MARR/CAF,10722403355
1301840,1592990,CASA NOSSA COMERCIO DE MOVEIS EIRELIME,23784928000100,57193275,2912240,MULTIUSO B14,RUSTICO,10722404314
1301841,1842805,SEALY STORE COMERCIO DE COLCHOES EIRELI ME,12837201000550,57193271,164580,COLCHAO CONFORTEX D20 78X12,UNICA,10722402228
1301842,1523220,M. R. DA SILVA GEOVANNY MOVEIS ME,22990045000193,57193265,638130,PAINEL FLASH C/ NICHO,PINHO,10722403645
1301843,1761386,MOANIR GASPAR EIRELI ME,17009068000134,57192931,033021,ROUPEIRO SIENA 6 PORTAS,CARVSOFT,10722404567
1301844,1647643,RV MOVEIS E ELETRODOMESTICOS LTDA ME,24203988000154,57191475,425036,HOME SUSPENSO EVIDENCE,MEL,10722404383
1301845,1913926,DANIELLI SACCANI DEL PIERO NUNES ME,07000238000166,57191511,075072,REFRIGERADOR 2PTS DC49A CD 462LTS 127V,UNICA,10722402501
1301846,1863291,ORTO SLEEP COMERCIAL EIRELI ME,26616256000111,57192061,016032,FERRO VAPOR CERAMIC PLUS X6000 110V,UNICA,10722402433
1301847,1461931,ROSIMARIO DOS SANTOS SANTANA MOVEIS E ELETRODOMESTICOS ME,22340383000180,57191393,209126,CAMA BIBOX COLORADO C/ BAU,BR/BR/LS,10722403089
1301848,1358591,ANDRE SANDRINI BORSOI ME,08836125000168,57193615,001255,KIT I31VGD4-105 MAX 4GV CRIATIV,BRANCO..,10722402914
1301848,1358591,ANDRE SANDRINI BORSOI ME,08836125000168,57193615,017485,MULTIPROCESSADOR AIO BMP900P 110V,UNICA,10722402488
1301848,1358591,ANDRE SANDRINI BORSOI ME,08836125000168,57193615,033018,COMODA PREMIUM,CARVSOFT,10722404888
1301848,1358591,ANDRE SANDRINI BORSOI ME,08836125000168,57193615,033020,COZINHA LORENA,BC/PT/LI,10722402877
1301848,1358591,ANDRE SANDRINI BORSOI ME,08836125000168,57193615,033020,COZINHA LORENA,BR/IP/RU,10722402808
1301848,1358591,ANDRE SANDRINI BORSOI ME,08836125000168,57193615,164593,COLCHAO BERCO D18 CONFORTEX 130X70,UNICA,10722402297
1301848,1358591,ANDRE SANDRINI BORSOI ME,08836125000168,57193615,209066,ROUPEIRO ARAXA 8GAV.,NOCE/BP,10722405533
1301848,1358591,ANDRE SANDRINI BORSOI ME,08836125000168,57193615,292838,BALCAO CLASSIC,BRANCO..,10722404321
1301848,1358591,ANDRE SANDRINI BORSOI ME,08836125000168,57193615,2939070,SECADOR DIVINE 2200 SEC156 110V,UNICA,10722405922
1301848,1358591,ANDRE SANDRINI BORSOI ME,08836125000168,57193615,2939103,MAQUINA CORTAR CABELO CAB174 127V,UNICA,10722406011
1301848,1358591,ANDRE SANDRINI BORSOI ME,08836125000168,57193615,710399,MESA ANDREIA C/ 4 CADEIRA LARISSA,MARR/CAF,10722403232
1301849,1813128,SOARES E SILVA COMERCIO DE MOVEIS E ELETRODOMESTICOS LTDAME,26667478000163,57191397,010125,LAVADORA LCB 10KG BR 127V,UNICA,10722401641
1301850,1592990,CASA NOSSA COMERCIO DE MOVEIS EIRELIME,23784928000100,57188411,209076,ROUPEIRO MARAGOGI C/ ESPELHO 100MDF,CASTANHO,10722405373
1301851,1358591,ANDRE SANDRINI BORSOI ME,08836125000168,57188885,129032,COMODA VERONA,CEDRO,10722403492
1301851,1358591,ANDRE SANDRINI BORSOI ME,08836125000168,57188885,209126,CAMA BIBOX COLORADO C/ BAU,BR/BR/LS,10722403201
1301851,1358591,ANDRE SANDRINI BORSOI ME,08836125000168,57188885,2903183,CELULAR MULTILASER MS45S P9042 DOURADO,UNICA,10722406035
1301851,1358591,ANDRE SANDRINI BORSOI ME,08836125000168,57188885,4745001,LAVADORA AMANDY 10KG BRA 110V,UNICA,10722401733
1301852,1556693,ENEGUIMAR PINTO DE SOUZA ME,00776209000141,57187920,164529,COLCHAO BERCO D18 TOP LINE 130X60,UNICA,10722402099
1301852,1556693,ENEGUIMAR PINTO DE SOUZA ME,00776209000141,57187920,421042,PENTEADEIRA LORENA,BRANCO..,10722404239
1301852,1556693,ENEGUIMAR PINTO DE SOUZA ME,00776209000141,57187920,710409,TRELICHE BIA,MARR/PRT,10722403560
1301853,1897548,ANDRE SANDRINI BORSOI ME,08836125000249,57188889,033021,ROUPEIRO SIENA 6 PORTAS,BCO/NEVE,10722404505
1301853,1897548,ANDRE SANDRINI BORSOI ME,08836125000249,57188889,129032,COMODA VERONA,CEDRO,10722403485
1301854,1761386,MOANIR GASPAR EIRELI ME,17009068000134,57187691,001321,ARMARIO ACO IP3 120 PREMIUM,BRANCO..,10722402532
1301854,1761386,MOANIR GASPAR EIRELI ME,17009068000134,57187691,033021,ROUPEIRO SIENA 6 PORTAS,CARVSOFT,10722404529
1301855,1286814,HIPER MOVEIS COMERCIO DE MOVEIS E ELETRODOMESTICOS LTDA ME,15402086000156,57186947,2912235,ROUPEIRO URAN C/ ESPELHO 9 GAV.,AMENDOA,10722405151
1301856,1725568,ANTONIO JOSE RIBEIRO SANTOS ME,09070233000135,57191128,010131,"LAVADORA AUTO. LCA 11,5KG 110V",UNICA,10722401863
1301856,1725568,ANTONIO JOSE RIBEIRO SANTOS ME,09070233000135,57191128,2939103,MAQUINA CORTAR CABELO CAB174 127V,UNICA,10722406028
1301857,1286814,HIPER MOVEIS COMERCIO DE MOVEIS E ELETRODOMESTICOS LTDA ME,15402086000156,57191101,209066,ROUPEIRO ARAXA 8GAV.,NOCE/BP,10722405601
1301858,1826248,PRAIA COMERCIO DE MOVEIS LTDA ME,19021494000119,57191103,4226016,MESA 061 4 CADEIRAS ANE B,ECL/PTO/,10722405892
1301859,1358591,ANDRE SANDRINI BORSOI ME,08836125000168,57191108,33541007,COLCHOBOX ACOPLADO BLACK 138X54,UNICA,10722405823
1301860,1813128,SOARES E SILVA COMERCIO DE MOVEIS E ELETRODOMESTICOS LTDAME,26667478000163,57191132,2939070,SECADOR DIVINE 2200 SEC156 110V,UNICA,10722405939
1301861,1826248,PRAIA COMERCIO DE MOVEIS LTDA ME,19021494000119,57191160,4545006,ARMARIO MONALISA 2PTS 700,BEGE,10722402891
1301862,1826248,PRAIA COMERCIO DE MOVEIS LTDA ME,19021494000119,57191168,2912239,ROUPEIRO CAPELINHA B24,BCO/ROSA,10722404208
1301863,1647643,RV MOVEIS E ELETRODOMESTICOS LTDA ME,24203988000154,57191286,001899,FOGAO WAVES 4 BOCAS BRANCO,UNICA,10722401795
1302292,1376178,K M COMERCIO DE MOVEIS LTDA ME,21405478000171,57191296,638130,PAINEL FLASH C/ NICHO,PINHO,10722403638
1302293,1826248,PRAIA COMERCIO DE MOVEIS LTDA ME,19021494000119,57191061,033021,ROUPEIRO SIENA 6 PORTAS,CARVSOFT,10722404642
1302294,1545034,BIO2 COMERCIO LTDA,10296578000190,57189720,2912208,ROUPEIRO MULTIUSO MARGARIDA 2PTS,RUSTICO,10722404963
1302294,1545034,BIO2 COMERCIO LTDA,10296578000190,57189720,4226001,"MESA 40 C/4CAD. ANE B TAMPO PTO 0,70",ECL/PTO/,10722405830
1302295,1592990,CASA NOSSA COMERCIO DE MOVEIS EIRELIME,23784928000100,57189028,209126,CAMA BIBOX COLORADO C/ BAU,BR/BR/LS,10722403171
1302296,1285800,JAIR FREIRE MUNIZ JUNIOR COMERCIO DE MOVEIS E ELETRODOMESTIC,12832712000156,57191062,209127,CAMA SOLTEIRO PLUS,BR/BRILH,10722403034
1303307,1545034,BIO2 COMERCIO LTDA,10296578000190,57194509,043155,CABECEIRA CASAL ISABELA,MEL,10722444983
1303307,1545034,BIO2 COMERCIO LTDA,10296578000190,57194509,043156,CABECEIRA SOLTEIRO LIVIA,CAFE,10722444921
1303307,1545034,BIO2 COMERCIO LTDA,10296578000190,57194509,114063,ESCRIVANINHA ELISA,CAFE,10722444587
1303307,1545034,BIO2 COMERCIO LTDA,10296578000190,57194509,292087,ESCRIVANINHA SIENA                    PC,CHAM/TXT,10722444945
1303308,1721248,MAR COMERCIO DE MOVEIS LTDA ME,20132034000147,57196517,209066,ROUPEIRO ARAXA 8GAV.,CASTANHO,10722445126
1303309,1523220,M. R. DA SILVA GEOVANNY MOVEIS ME,22990045000193,57199461,033023,ROUPEIRO 4 PTS MEGA,BCO/NEVE,10722445058
1303309,1523220,M. R. DA SILVA GEOVANNY MOVEIS ME,22990045000193,57199461,1028026,BERCO ULI,BRANCO..,10722444976
1303310,1904013,RAFAEL DOS SANTOS PEREIRA ME,27655589000112,57196523,209082,ROUPEIRO PRADO 6PTS,CASTANHO,10722444990
1303311,1523220,M. R. DA SILVA GEOVANNY MOVEIS ME,22990045000193,57199463,1028025,COMODA ULI 4 GAV. 1 PORTA,BRANCO..,10722444631
1303311,1523220,M. R. DA SILVA GEOVANNY MOVEIS ME,22990045000193,57199463,1028026,BERCO ULI,BRANCO..,10722444969
1303311,1523220,M. R. DA SILVA GEOVANNY MOVEIS ME,22990045000193,57199463,164592,COLCHAO BERCO D18 CONFORTEX 130X60,UNICA,10722443498
1303312,1509547,GIOVANI MOVEIS LTDA ME,22980362000129,57196508,292871,MULTIUSO URUGUAI,BRANCO..,10722444686
1303313,1721248,MAR COMERCIO DE MOVEIS LTDA ME,20132034000147,57196505,033018,COMODA PREMIUM,BCO/NEVE,10722444549
1303313,1721248,MAR COMERCIO DE MOVEIS LTDA ME,20132034000147,57196505,114063,ESCRIVANINHA ELISA,CAFE,10722444600
1303314,1721248,MAR COMERCIO DE MOVEIS LTDA ME,20132034000147,57196501,033021,ROUPEIRO SIENA 6 PORTAS,BCO/NEVE,10722444778
1303314,1721248,MAR COMERCIO DE MOVEIS LTDA ME,20132034000147,57196501,033021,ROUPEIRO SIENA 6 PORTAS,CARVSOFT,10722444815
1303314,1721248,MAR COMERCIO DE MOVEIS LTDA ME,20132034000147,57196501,2912242,ROUPEIRO 6 PTS AMANDA,CAFE,10722445065
1303315,1647643,RV MOVEIS E ELETRODOMESTICOS LTDA ME,24203988000154,57196500,033021,ROUPEIRO SIENA 6 PORTAS,CARVSOFT,10722444792
1303316,1354863,ERASMO C.TEIXEIRA DA COSTA ME,13822950000224,57196470,084276,LAVADORA LAVAMATIC 12KG LC1231BR 127V,UNICA,10722443191
1303317,1358591,ANDRE SANDRINI BORSOI ME,08836125000168,57199468,001960,FOGAO DREAM 5 BOCAS PRETO,UNICA,10722443290
1303317,1358591,ANDRE SANDRINI BORSOI ME,08836125000168,57199468,033021,ROUPEIRO SIENA 6 PORTAS,BCO/NEVE,10722444730
1303317,1358591,ANDRE SANDRINI BORSOI ME,08836125000168,57199468,114062,ESCRIVANINHA MELISSA,BRANCO..,10722444952
1303317,1358591,ANDRE SANDRINI BORSOI ME,08836125000168,57199468,1221006,BANCADA COM PAINEL FUSION,CAST/WEN,10722444860
1303317,1358591,ANDRE SANDRINI BORSOI ME,08836125000168,57199468,2903063,RADIO AUTOMOTIVO P3213,UNICA,10722445713
1303317,1358591,ANDRE SANDRINI BORSOI ME,08836125000168,57199468,2912240,MULTIUSO B14,BRANCO..,10722444617
1303317,1358591,ANDRE SANDRINI BORSOI ME,08836125000168,57199468,2912240,MULTIUSO B14,RUSTICO,10722444662
1303317,1358591,ANDRE SANDRINI BORSOI ME,08836125000168,57199468,2912242,ROUPEIRO 6 PTS AMANDA,CAFE,10722445102
1303317,1358591,ANDRE SANDRINI BORSOI ME,08836125000168,57199468,292100,TABUA DE PASSAR FLORENCE              PC,BRANCO..,10722444655
1303318,1761386,MOANIR GASPAR EIRELI ME,17009068000134,57199844,033021,ROUPEIRO SIENA 6 PORTAS,BCO/NEVE,10722444716
1303318,1761386,MOANIR GASPAR EIRELI ME,17009068000134,57199844,2912240,MULTIUSO B14,BRANCO..,10722444624
1303318,1761386,MOANIR GASPAR EIRELI ME,17009068000134,57199844,4545024,PANELEIRO MONALISA 4PTS 1GAV FORNO 700,BRANCO,10722444358
1303319,1897548,ANDRE SANDRINI BORSOI ME,08836125000249,57199475,033021,ROUPEIRO SIENA 6 PORTAS,NOG/SOFT,10722444839
1303319,1897548,ANDRE SANDRINI BORSOI ME,08836125000249,57199475,078309,LIQUIDIFICADOR PH900 PR 127V,UNICA,10722444075
1303319,1897548,ANDRE SANDRINI BORSOI ME,08836125000249,57199475,078431,LIQUIDIFICADOR PH800 800W VM 127V,UNICA,10722444099
1303319,1897548,ANDRE SANDRINI BORSOI ME,08836125000249,57199475,129032,COMODA VERONA,TEKA,10722444464
1303319,1897548,ANDRE SANDRINI BORSOI ME,08836125000249,57199475,164582,COLCHAO CONFORTEX D23 88X12,UNICA,10722443511
1303319,1897548,ANDRE SANDRINI BORSOI ME,08836125000249,57199475,2939093,LIQUIDIFICADOR INSPIRE LIQ361 127V,UNICA,10722443955
1303319,1897548,ANDRE SANDRINI BORSOI ME,08836125000249,57199475,2939095,LIQUIDIFICADOR TRAPEZE LIQ351 127V,UNICA,10722443948
1303320,1523220,M. R. DA SILVA GEOVANNY MOVEIS ME,22990045000193,57199466,033021,ROUPEIRO SIENA 6 PORTAS,BCO/NEVE,10722444754
1303321,1721248,MAR COMERCIO DE MOVEIS LTDA ME,20132034000147,57196459,114050,PAINEL DOPPIO,CAFE,10722444693
1303322,1761386,MOANIR GASPAR EIRELI ME,17009068000134,57195544,033022,ROUPEIRO RAISSA 6 PORTAS,CARVSOFT,10722445195
1303322,1761386,MOANIR GASPAR EIRELI ME,17009068000134,57195544,164544,COLCHAO TOP LINE D23 138X12,UNICA,10722443566
1303323,1461931,ROSIMARIO DOS SANTOS SANTANA MOVEIS E ELETRODOMESTICOS ME,22340383000180,57196411,4798006,SUPORTE FIXO DE TV LINEA UNI100,UNICA,10722445256
1303324,1725568,ANTONIO JOSE RIBEIRO SANTOS ME,09070233000135,57196409,078367,LIQUIDIFICADOR PH900 VM 127V,UNICA,10722444082
1303324,1725568,ANTONIO JOSE RIBEIRO SANTOS ME,09070233000135,57196409,1042066,SECADOR ELEGANZA 2200 II 110V,UNICA,10722445324
1303324,1725568,ANTONIO JOSE RIBEIRO SANTOS ME,09070233000135,57196409,2939083,VENTILADOR WINDY VTR500 30CM 110V,UNICA,10722444143
1303324,1725568,ANTONIO JOSE RIBEIRO SANTOS ME,09070233000135,57196409,2939085,VENTILADOR EROS SUP. VTR461 40CM 110V,UNICA,10722444310
1303325,1897548,ANDRE SANDRINI BORSOI ME,08836125000249,57196407,075135,REFRIGERADOR 240L RE31 110V,UNICA,10722443689
1303326,1826248,PRAIA COMERCIO DE MOVEIS LTDA ME,19021494000119,57196420,4226016,MESA 061 4 CADEIRAS ANE B,ECL/PTO/,10722445225
1303327,1762600,ADL MOVEIS E ELETRO LTDA ME,22605134000179,57195000,001321,ARMARIO ACO IP3 120 PREMIUM,BRANCO..,10722444372
1303327,1762600,ADL MOVEIS E ELETRO LTDA ME,22605134000179,57195000,001322,ARMARIO ACO IPLDV 80 NG PREMIUM,BR/PRETO,10722444402
1303327,1762600,ADL MOVEIS E ELETRO LTDA ME,22605134000179,57195000,075100,REFRIGERADOR 2PTS DC35A 260L 110V,UNICA,10722444426
1303327,1762600,ADL MOVEIS E ELETRO LTDA ME,22605134000179,57195000,129028,COMODA BELIZE PLUS,TEKA,10722444471
1303327,1762600,ADL MOVEIS E ELETRO LTDA ME,22605134000179,57195000,233897,COLCHAO PLATINUM DIAMANTE 138X30,UNICA,10722443771
1303327,1762600,ADL MOVEIS E ELETRO LTDA ME,22605134000179,57195000,2912239,ROUPEIRO CAPELINHA B24,BCO/ROSA,10722444563
1303328,1842805,SEALY STORE COMERCIO DE COLCHOES EIRELI ME,12837201000550,57194649,33541010,ESTOFADO RETRA/RECLIN SANTORINE,MARR/SUE,10722443337
1303329,1901613,LAYMAR COMERCIO DE COLCHOES E ESTOFADOS LTDA ME,00669787000189,57196412,359060,ESTOFADO RETRATIL SARA,CINZA20,10722443368
1303330,1901613,LAYMAR COMERCIO DE COLCHOES E ESTOFADOS LTDA ME,00669787000189,57196446,164581,COLCHAO CONFORTEX D20 88X12,UNICA,10722443375
1303330,1901613,LAYMAR COMERCIO DE COLCHOES E ESTOFADOS LTDA ME,00669787000189,57196446,164587,COLCHOBOX LOTTUS POCKET 138X63,UNICA,10722443788
1303330,1901613,LAYMAR COMERCIO DE COLCHOES E ESTOFADOS LTDA ME,00669787000189,57196446,233897,COLCHAO PLATINUM DIAMANTE 138X30,UNICA,10722443757
1303331,1461931,ROSIMARIO DOS SANTOS SANTANA MOVEIS E ELETRODOMESTICOS ME,22340383000180,57196450,1221006,BANCADA COM PAINEL FUSION,NATU/WEN,10722444884
1303334,1461931,ROSIMARIO DOS SANTOS SANTANA MOVEIS E ELETRODOMESTICOS ME,22340383000180,57196448,1221006,BANCADA COM PAINEL FUSION,NATU/WEN,10722444907
1303335,1354863,ERASMO C.TEIXEIRA DA COSTA ME,13822950000224,57196439,001966,FOGAO STAR 4 BOCAS AUTOMATICO PRETO,UNICA,10722443283
1303336,1721248,MAR COMERCIO DE MOVEIS LTDA ME,20132034000147,57196437,114063,ESCRIVANINHA ELISA,CAFE,10722444594
1303337,1659937,IMPERIO TIESCO COMERCIO DE MOVEIS LTDA ME,23161087000184,57196433,33327001,SOFA CAMA IMPERATRIZ,SUECZ17,10722443344
1303338,1647643,RV MOVEIS E ELETRODOMESTICOS LTDA ME,24203988000154,57196431,413222,MESA CAMILA CROMADA 4 CAD. VIDRO RED.,JUNCO/CZ,10722444495
1303339,1813128,SOARES E SILVA COMERCIO DE MOVEIS E ELETRODOMESTICOS LTDAME,26667478000163,57196430,043155,CABECEIRA CASAL ISABELA,CAFE,10722444853
1303373,1721248,MAR COMERCIO DE MOVEIS LTDA ME,20132034000147,57177241,033020,COZINHA LORENA,BR/IP/RU,10722319366
1303374,1897548,ANDRE SANDRINI BORSOI ME,08836125000249,57182063,016030,FERRO SECO ECOLOGICO VFA ECO BR 127V,UNICA,10722319137
1303374,1897548,ANDRE SANDRINI BORSOI ME,08836125000249,57182063,017469,LIQUIDIFICADOR DIAMANTE 800W PR 127V,UNICA,10722318994
1303374,1897548,ANDRE SANDRINI BORSOI ME,08836125000249,57182063,033022,ROUPEIRO RAISSA 6 PORTAS,NOG/SOFT,10722320928
1303374,1897548,ANDRE SANDRINI BORSOI ME,08836125000249,57182063,078309,LIQUIDIFICADOR PH900 PR 127V,UNICA,10722319106
1303374,1897548,ANDRE SANDRINI BORSOI ME,08836125000249,57182063,078418,MINI SYSTEM PH600BT,UNICA,10722318819
1303374,1897548,ANDRE SANDRINI BORSOI ME,08836125000249,57182063,078431,LIQUIDIFICADOR PH800 800W VM 127V,UNICA,10722319120
1303374,1897548,ANDRE SANDRINI BORSOI ME,08836125000249,57182063,078443,ESCOVA SOFT BRUSH 127V,UNICA,10722321376
1303374,1897548,ANDRE SANDRINI BORSOI ME,08836125000249,57182063,090880,COZINHA NAPOLI,NOGA/ARE,10722319588
1303374,1897548,ANDRE SANDRINI BORSOI ME,08836125000249,57182063,090885,COZINHA AGATA,NOGA/BCO,10722320096
1303374,1897548,ANDRE SANDRINI BORSOI ME,08836125000249,57182063,209127,CAMA SOLTEIRO PLUS,CASTANHO,10722320034
1303374,1897548,ANDRE SANDRINI BORSOI ME,08836125000249,57182063,2939056,SANDUICHEIRA MINIGRILL SAN252 110V,UNICA,10722318925
1303374,1897548,ANDRE SANDRINI BORSOI ME,08836125000249,57182063,2939099,CHURRASQUEIA GRILL GRL802 127V,UNICA,10722318857
1303374,1897548,ANDRE SANDRINI BORSOI ME,08836125000249,57182063,4226001,"MESA 40 C/4CAD. ANE B TAMPO PTO 0,70",ECL/PTO/,10722321161
1303374,1897548,ANDRE SANDRINI BORSOI ME,08836125000249,57182063,425030,RACK ESPANHA,CASTANHO,10722319991
1303374,1897548,ANDRE SANDRINI BORSOI ME,08836125000249,57182063,425037,HOME SUSPENSO INTERATIVO,BRANCO..,10722319922
1303374,1897548,ANDRE SANDRINI BORSOI ME,08836125000249,57182063,710410,"SALA DE JANTAR OLIVIA 1,80 C/ 6 CAD. MILENA",SA/OF/ST,10722320133
1303375,1897548,ANDRE SANDRINI BORSOI ME,08836125000249,57182059,033018,COMODA PREMIUM,NOG/SOFT,10722320508
1303375,1897548,ANDRE SANDRINI BORSOI ME,08836125000249,57182059,2939111,CAFETEIRAS URBAN CAF300 127V,UNICA,10722318888
1303376,1647643,RV MOVEIS E ELETRODOMESTICOS LTDA ME,24203988000154,57182057,033022,ROUPEIRO RAISSA 6 PORTAS,NOG/SOFT,10722320898
1303377,1647643,RV MOVEIS E ELETRODOMESTICOS LTDA ME,24203988000154,57182053,001957,FOGAO WAVES 4 BOCAS PRETO,UNICA,10722318284
1303378,1761386,MOANIR GASPAR EIRELI ME,17009068000134,57181037,033021,ROUPEIRO SIENA 6 PORTAS,BCO/NEVE,10722320553
1303378,1761386,MOANIR GASPAR EIRELI ME,17009068000134,57181037,033022,ROUPEIRO RAISSA 6 PORTAS,CARVSOFT,10722320959
1303378,1761386,MOANIR GASPAR EIRELI ME,17009068000134,57181037,043155,CABECEIRA CASAL ISABELA,MEL,10722320775
1303378,1761386,MOANIR GASPAR EIRELI ME,17009068000134,57181037,164546,COLCHAO TOP LINE D23 138X18,UNICA,10722318802
1303378,1761386,MOANIR GASPAR EIRELI ME,17009068000134,57181037,209126,CAMA BIBOX COLORADO C/ BAU,BR/BR/LS,10722319670
1303378,1761386,MOANIR GASPAR EIRELI ME,17009068000134,57181037,2912208,ROUPEIRO MULTIUSO MARGARIDA 2PTS,RUSTICO,10722320782
1303378,1761386,MOANIR GASPAR EIRELI ME,17009068000134,57181037,33541007,COLCHOBOX ACOPLADO BLACK 138X54,UNICA,10722321154
1303379,1358591,ANDRE SANDRINI BORSOI ME,08836125000168,57182067,001255,KIT I31VGD4-105 MAX 4GV CRIATIV,BR/PRETO,10722319458
1303379,1358591,ANDRE SANDRINI BORSOI ME,08836125000168,57182067,012201,REFRIG DOMEST 2PTS 334LT CRD37EB 127V,UNICA,10722318420
1303379,1358591,ANDRE SANDRINI BORSOI ME,08836125000168,57182067,016030,FERRO SECO ECOLOGICO VFA ECO BR 127V,UNICA,10722319151
1303379,1358591,ANDRE SANDRINI BORSOI ME,08836125000168,57182067,016032,FERRO VAPOR CERAMIC PLUS X6000 110V,UNICA,10722318949
1303379,1358591,ANDRE SANDRINI BORSOI ME,08836125000168,57182067,129032,COMODA VERONA,CEDRO,10722319731
1303379,1358591,ANDRE SANDRINI BORSOI ME,08836125000168,57182067,209127,CAMA SOLTEIRO PLUS,CASTANHO,10722320003
1303379,1358591,ANDRE SANDRINI BORSOI ME,08836125000168,57182067,2912239,ROUPEIRO CAPELINHA B24,BCO/ROSA,10722320348
1303379,1358591,ANDRE SANDRINI BORSOI ME,08836125000168,57182067,2939068,FERRO A VAPOR SAPHIRO IRO200 110V,UNICA,10722318970
1303382,1592990,CASA NOSSA COMERCIO DE MOVEIS EIRELIME,23784928000100,57182126,156355,ARMARIO TRIPLO MEDIO TURQUESA,BRANCO..,10722319502
1303382,1592990,CASA NOSSA COMERCIO DE MOVEIS EIRELIME,23784928000100,57182126,292087,ESCRIVANINHA SIENA                    PC,CASTANHO,10722320362
1303382,1592990,CASA NOSSA COMERCIO DE MOVEIS EIRELIME,23784928000100,57182126,292879,PAINEL RETRATO BP,CANELLAT,10722320447
1303383,1721248,MAR COMERCIO DE MOVEIS LTDA ME,20132034000147,57177309,33541006,COLCHOBOX ACOPLADO BLACK 88X54,UNICA,10722318666
1303384,1813128,SOARES E SILVA COMERCIO DE MOVEIS E ELETRODOMESTICOS LTDAME,26667478000163,57177532,001918,COZINHA LUCE 2V,BR/PRETO,10722319199
1303384,1813128,SOARES E SILVA COMERCIO DE MOVEIS E ELETRODOMESTICOS LTDAME,26667478000163,57177532,209126,CAMA BIBOX COLORADO C/ BAU,BR/BR/LS,10722319649
1303385,1901613,LAYMAR COMERCIO DE COLCHOES E ESTOFADOS LTDA ME,00669787000189,57177528,33541005,COLCHOBOX C/ AUXILIAR REAL 88X57,UNICA,10722318499
1303386,1461931,ROSIMARIO DOS SANTOS SANTANA MOVEIS E ELETRODOMESTICOS ME,22340383000180,57177519,001255,KIT I31VGD4-105 MAX 4GV CRIATIV,BR/PRETO,10722319472
1303387,1662830,S M ROCHA ME,04351512000153,57177491,2912239,ROUPEIRO CAPELINHA B24,BCO/ROSA,10722320324
1303388,1285800,JAIR FREIRE MUNIZ JUNIOR COMERCIO DE MOVEIS E ELETRODOMESTIC,12832712000156,57177385,4745001,LAVADORA AMANDY 10KG BRA 110V,UNICA,10722318338
1303389,1354863,ERASMO C.TEIXEIRA DA COSTA ME,13822950000224,57177319,033020,COZINHA LORENA,BC/PT/LI,10722319519
1303390,1286814,HIPER MOVEIS COMERCIO DE MOVEIS E ELETRODOMESTICOS LTDA ME,15402086000156,57177304,033020,COZINHA LORENA,BC/PT/LI,10722319557
1303392,1647643,RV MOVEIS E ELETRODOMESTICOS LTDA ME,24203988000154,57177293,010131,"LAVADORA AUTO. LCA 11,5KG 110V",UNICA,10722318376
1303393,1721248,MAR COMERCIO DE MOVEIS LTDA ME,20132034000147,57177286,2912242,ROUPEIRO 6 PTS AMANDA,CAFE,10722320850
1303394,1721248,MAR COMERCIO DE MOVEIS LTDA ME,20132034000147,57177256,033021,ROUPEIRO SIENA 6 PORTAS,CARVSOFT,10722320577
1303396,1286814,HIPER MOVEIS COMERCIO DE MOVEIS E ELETRODOMESTICOS LTDA ME,15402086000156,57177565,350188,TV LED 32 SMART HD 32J4300,UNICA,10722318956
1303397,1286814,HIPER MOVEIS COMERCIO DE MOVEIS E ELETRODOMESTICOS LTDA ME,15402086000156,57180631,001967,FOGAO STAR CLEAN 4 BOCAS BRANCO,UNICA,10722318277
1303397,1286814,HIPER MOVEIS COMERCIO DE MOVEIS E ELETRODOMESTICOS LTDA ME,15402086000156,57180631,033019,COZINHA BRENDA,BR/IP/RU,10722319403
1303397,1286814,HIPER MOVEIS COMERCIO DE MOVEIS E ELETRODOMESTICOS LTDA ME,15402086000156,57180631,043155,CABECEIRA CASAL ISABELA,CAFE,10722320652
1303397,1286814,HIPER MOVEIS COMERCIO DE MOVEIS E ELETRODOMESTICOS LTDA ME,15402086000156,57180631,1221006,BANCADA COM PAINEL FUSION,CAST/WEN,10722320683
1303397,1286814,HIPER MOVEIS COMERCIO DE MOVEIS E ELETRODOMESTICOS LTDA ME,15402086000156,57180631,164118,COLCHAO PROMOLAS P.UNO 138X24 BLACK/WHITEPC,UNICA,10722318772
1303397,1286814,HIPER MOVEIS COMERCIO DE MOVEIS E ELETRODOMESTICOS LTDA ME,15402086000156,57180631,33541002,BASE BOX CASAL 138X25,UNICA,10722321093
1303397,1286814,HIPER MOVEIS COMERCIO DE MOVEIS E ELETRODOMESTICOS LTDA ME,15402086000156,57180631,33541007,COLCHOBOX ACOPLADO BLACK 138X54,UNICA,10722321130
1303397,1286814,HIPER MOVEIS COMERCIO DE MOVEIS E ELETRODOMESTICOS LTDA ME,15402086000156,57180631,413217,"MESA LUNA C/6CAD TAMPO 1,36CM BP",CAPUCCIN,10722319779
1303397,1286814,HIPER MOVEIS COMERCIO DE MOVEIS E ELETRODOMESTICOS LTDA ME,15402086000156,57180631,421027,GUARDA ROUPA MURANO 10 PTS,NG/VATOU,10722320270
1303398,1761386,MOANIR GASPAR EIRELI ME,17009068000134,57181036,1221006,BANCADA COM PAINEL FUSION,NATU/WEN,10722320720
